{
    "parent": "builtin/generated",
    "textures": {
        "layer0": "mcpatcher/cit/item/weapons/dungeons/ranged/spirit_sceptre/spirit_sceptre.png"
    },
    "display": {
        "thirdperson": {
            "rotation": [ 0, 90, -35 ],
            "translation": [ 0, 1.25, -3.5 ],
            "scale": [ 1, 1, 1 ]
        },
        "firstperson": {
            "rotation": [ 0, -135, 25 ],
            "translation": [ 0, 4, 2 ],
            "scale": [ 1.7, 1.7, 1.7 ]
        }
    }
}